<?xml version="1.0" encoding="UTF-8"?><metadata>
    <idinfo>
        <citation>
            <citeinfo>
                <title>Transit Routes for King County Metro / transitroute_line</title>
                <geoform>vector digital data</geoform>
                <onlink>https://kingcounty.maps.arcgis.com/home/item.html?id=7c0f51d833264f77acd2389da3c94ce4</onlink>
                <onlink>https://kingcounty.maps.arcgis.com/home/item.html?id=898d607fe143466f92381e8739fa2b7a</onlink>
                <onlink>https://www5.kingcounty.gov/sdc/Metadata.aspx?Layer=transitroute</onlink>
                <onlink>https://www5.kingcounty.gov/sdc/addl_doc/KCGISCenterTermsAndConditions.pdf</onlink>
                <onlink>https://www5.kingcounty.gov/sdc/addl_doc/KCGISCenterHelpUsingKCOpenData.pdf</onlink>
            </citeinfo>
        </citation>
        <descript>
            <abstract>Transit routes</abstract>
        </descript>
        <spdom>
            <bounding>
                <westbc>-122.527165</westbc>
                <eastbc>-121.779117</eastbc>
                <northbc>47.939306</northbc>
                <southbc>47.181741</southbc>
            </bounding>
        </spdom>
        <keywords>
            <theme>
                <themekt>None</themekt>
                <themekey>transit</themekey>
                <themekey>routes</themekey>
                <themekey>bus</themekey>
                <themekey>metro</themekey>
                <themekey>transportation</themekey>
                <themekey>transportation_OpenData</themekey>
                <themekey>kingcounty_opendata</themekey>
                <themekey>transitroute_line</themekey>
            </theme>
        </keywords>
        <accconst>None</accconst>
        <useconst>None</useconst>
        <native>Version 6.2 (Build 9200) ; Esri ArcGIS 10.3.1.4959</native>
    </idinfo>
    <spdoinfo>
        <direct>Vector</direct>
        <ptvctinf>
            <sdtsterm>
                <sdtstype>Complete chain</sdtstype>
                <ptvctcnt>450</ptvctcnt>
            </sdtsterm>
        </ptvctinf>
    </spdoinfo>
    <eainfo>
        <detailed>
            <enttyp>
                <enttypl>maint.TRANSIT.TransitRoute_line</enttypl>
            </enttyp>
            <attr>
                <attrlabl>OBJECTID</attrlabl>
                <attrdef>Internal feature number.</attrdef>
                <attrdefs>Esri</attrdefs>
                <attrdomv>
                    					
                    <udom>Sequential unique whole numbers that are automatically generated.</udom>
                    				
                </attrdomv>
            </attr>
            <attr>
                <attrlabl>CHANGE_NUM</attrlabl>
            </attr>
            <attr>
                <attrlabl>MINOR_CHANGE_NUM</attrlabl>
            </attr>
            <attr>
                <attrlabl>CURRENT_NEXT_CODE</attrlabl>
            </attr>
            <attr>
                <attrlabl>IN_SERVICE_FLAG</attrlabl>
            </attr>
            <attr>
                <attrlabl>ROUTE_ID</attrlabl>
            </attr>
            <attr>
                <attrlabl>LOCAL_EXPRESS_CODE</attrlabl>
            </attr>
            <attr>
                <attrlabl>ROUTE_NUM</attrlabl>
            </attr>
            <attr>
                <attrlabl>SHAPE</attrlabl>
                <attrdef>Feature geometry.</attrdef>
                <attrdefs>Esri</attrdefs>
                <attrdomv>
                    					
                    <udom>Coordinates defining the features.</udom>
                    				
                </attrdomv>
            </attr>
            <attr>
                <attrlabl>SHAPE.LEN</attrlabl>
            </attr>
        </detailed>
    </eainfo>
    <metainfo>
        <metd>20171102</metd>
        <metc>
            <cntinfo>
                <!--no contact person or organization name available-->
            </cntinfo>
        </metc>
        <metstdn>FGDC Content Standard for Digital Geospatial Metadata</metstdn>
        <metstdv>FGDC-STD-001-1998</metstdv>
        <mettc>local time</mettc>
    </metainfo>
</metadata>
